<?xml version = '1.0' encoding = 'UTF-8'?>
<Relation class="oracle.dbtools.crest.model.design.logical.Relation" name="PK_VB_ESTAB_PEDIDO" directorySegmentName="seg_0" id="62429201-B513-D8D7-191C-85DBC367E577">
<createdBy>labsfiap</createdBy>
<createdTime>2025-03-28 01:48:37 UTC</createdTime>
<ownerDesignName>VB</ownerDesignName>
<engineerTo>
<item key="7C9B3D51-38A0-10AC-DECD-EE132270B87E" value="true"/>
</engineerTo>
<sourcePk>F9771B0C-561C-C81A-DDD9-A0073CAA1107</sourcePk>
<identifying>false</identifying>
<optionalSource>true</optionalSource>
<optionalTarget>false</optionalTarget>
<sourceCardinality>1</sourceCardinality>
<sourceEntity>98397853-977F-881A-7095-A17F920CBFF2</sourceEntity>
<targetCardinalityString>*</targetCardinalityString>
<targetEntity>FE157FEF-5868-8F95-2B39-666D9AF6136C</targetEntity>
<transferable>true</transferable>
<deleteRule>NO ACTION</deleteRule>
</Relation>
