<?xml version = '1.0' encoding = 'UTF-8'?>
<Relation class="oracle.dbtools.crest.model.design.logical.Relation" name="INTENS_PEDIDO" directorySegmentName="seg_0" id="75CD0A56-9EE3-77D9-0471-9891CE946B59">
<createdBy>labsfiap</createdBy>
<createdTime>2025-03-28 02:05:53 UTC</createdTime>
<ownerDesignName>VB</ownerDesignName>
<engineerTo>
<item key="7C9B3D51-38A0-10AC-DECD-EE132270B87E" value="true"/>
</engineerTo>
<identifying>false</identifying>
<optionalSource>true</optionalSource>
<optionalTarget>false</optionalTarget>
<sourceCardinality>*</sourceCardinality>
<sourceEntity>FE157FEF-5868-8F95-2B39-666D9AF6136C</sourceEntity>
<targetCardinalityString>*</targetCardinalityString>
<targetEntity>DD332820-20D2-3D0F-80AA-82B0FF8C633E</targetEntity>
<transferable>true</transferable>
<deleteRule>NO ACTION</deleteRule>
</Relation>
