<?xml version = '1.0' encoding = 'UTF-8'?>
<Diagram class="oracle.dbtools.crest.swingui.logical.DPVLogical" name="Logical" id="AB6EED60-1EC6-2CE7-A626-F66A31F93CC1">
<createdBy>labsfiap</createdBy>
<modifiedBy>labsfiap</modifiedBy>
<createdTime>2025-04-04 00:54:32 UTC</createdTime>
<autoRoute>false</autoRoute>
<boxInbox>true</boxInbox>
<showLegend>false</showLegend>
<showLabels>false</showLabels>
<showRelAttributes>false</showRelAttributes>
<gridEnabled>false</gridEnabled>
<showGrid>false</showGrid>
<diagramColor>-1</diagramColor>
<display>false</display>
<notation>2</notation>
<objectViews>
<OView class="oracle.dbtools.crest.swingui.logical.TVEntity" oid="03B13FDA-8B89-00A8-E157-1FD56A39306A" otype="Entity" vid="8E1E62D7-0682-8F33-DF94-8B14115B22C8">
<hideElementsInCurrentOnly>false</hideElementsInCurrentOnly>
<bounds x="56" y="54" width="270" height="119"/>
</OView>
<OView class="oracle.dbtools.crest.swingui.logical.TVEntity" oid="16844322-3A30-305A-3A2C-A5B3807EA06E" otype="Entity" vid="6DAB10E0-87A5-8179-AB28-5FFB9F1EFF6C">
<hideElementsInCurrentOnly>false</hideElementsInCurrentOnly>
<bounds x="1074" y="309" width="321" height="75"/>
</OView>
<OView class="oracle.dbtools.crest.swingui.logical.TVEntity" oid="1EF3D32D-54EA-F1B0-F7A4-A4F300A2C6AC" otype="Entity" vid="032AF596-A5FC-4B85-3E73-43412A13ABAA">
<hideElementsInCurrentOnly>false</hideElementsInCurrentOnly>
<bounds x="32" y="435" width="261" height="73"/>
</OView>
<OView class="oracle.dbtools.crest.swingui.logical.TVEntity" oid="202086B5-B367-EB6E-ACB4-A82763D57536" otype="Entity" vid="E7211774-9CDD-8129-9E10-5D51F9AFBCEC">
<hideElementsInCurrentOnly>false</hideElementsInCurrentOnly>
<bounds x="427" y="52" width="336" height="110"/>
</OView>
<OView class="oracle.dbtools.crest.swingui.logical.TVEntity" oid="20C7496E-DAAC-CCDB-4222-9B417BAA2F43" otype="Entity" vid="0F57C8A1-2E75-50C0-AE5F-4494D559F32B">
<hideElementsInCurrentOnly>false</hideElementsInCurrentOnly>
<bounds x="1078" y="4" width="304" height="74"/>
</OView>
<OView class="oracle.dbtools.crest.swingui.logical.TVEntity" oid="20CFC7D6-2E97-BA7F-907E-1126F29C8C29" otype="Entity" vid="D1BB4716-AF00-21B7-7893-2430FB1CEB56">
<hideElementsInCurrentOnly>false</hideElementsInCurrentOnly>
<bounds x="328" y="345" width="227" height="66"/>
</OView>
<OView class="oracle.dbtools.crest.swingui.logical.TVEntity" oid="27A41AFE-3FA4-D91A-727C-E64D1825008A" otype="Entity" vid="B38C6B80-4DAF-85DC-466F-FC9C2B1C4310">
<hideElementsInCurrentOnly>false</hideElementsInCurrentOnly>
<bounds x="1111" y="151" width="277" height="100"/>
</OView>
<OView class="oracle.dbtools.crest.swingui.logical.TVEntity" oid="344F16CC-697B-F018-BD21-34566389F5A8" otype="Entity" vid="406A54B8-78BD-0ABA-C40E-E9AF67F20FD0">
<hideElementsInCurrentOnly>false</hideElementsInCurrentOnly>
<bounds x="852" y="305" width="191" height="81"/>
</OView>
<OView class="oracle.dbtools.crest.swingui.logical.TVEntity" oid="74018ABA-9619-70CB-05F3-69836D7FFA23" otype="Entity" vid="D2971971-49FE-1519-2F66-63B1F08A7CF7">
<hideElementsInCurrentOnly>false</hideElementsInCurrentOnly>
<bounds x="53" y="336" width="229" height="74"/>
</OView>
<OView class="oracle.dbtools.crest.swingui.logical.TVEntity" oid="8EC332EF-5171-D7E1-33DC-7BB1DE36C783" otype="Entity" vid="F6BA45F3-DBB9-DBD3-A870-A30B84CA995F">
<hideElementsInCurrentOnly>false</hideElementsInCurrentOnly>
<bounds x="800" y="148" width="232" height="115"/>
</OView>
<OView class="oracle.dbtools.crest.swingui.logical.TVEntity" oid="B2A40AA0-9320-6639-4DDF-23B18A946079" otype="Entity" vid="1CF1D69B-4C14-B4C0-C6C0-F33DC63E54BB">
<hideElementsInCurrentOnly>false</hideElementsInCurrentOnly>
<bounds x="346" y="435" width="261" height="74"/>
</OView>
<OView class="oracle.dbtools.crest.swingui.logical.TVEntity" oid="BB6F742D-D4C0-57BA-E4D1-6DE9175EBDE4" otype="Entity" vid="469534F6-D103-B5D7-1344-445D33328568">
<hideElementsInCurrentOnly>false</hideElementsInCurrentOnly>
<bounds x="827" y="12" width="191" height="76"/>
</OView>
<OView class="oracle.dbtools.crest.swingui.logical.TVEntity" oid="C629F638-2DBC-9A82-1FC0-59EA7C030ED7" otype="Entity" vid="C05877F3-B697-E4B2-1007-11FE1F6D7821">
<hideElementsInCurrentOnly>false</hideElementsInCurrentOnly>
<bounds x="49" y="216" width="233" height="69"/>
</OView>
<OView class="oracle.dbtools.crest.swingui.logical.TVEntity" oid="C6A76562-CDB7-1C6A-B214-34507508E39D" otype="Entity" vid="5246910C-576C-AE8D-2F25-282B72DF836B">
<hideElementsInCurrentOnly>false</hideElementsInCurrentOnly>
<bounds x="339" y="200" width="220" height="78"/>
</OView>
</objectViews>
<connectors>
<Connector class="oracle.dbtools.crest.swingui.logical.TVRelation" oid="3E482CB4-AADB-0A1B-8FB8-8D83F9D9E55D" otype="Relation" vid_source="0F57C8A1-2E75-50C0-AE5F-4494D559F32B" vid_target="B38C6B80-4DAF-85DC-466F-FC9C2B1C4310">
<hideElementsInCurrentOnly>false</hideElementsInCurrentOnly>
<backgroundColor>-16777216</backgroundColor>
<lineWidth>1</lineWidth>
<points>
<point x="1261" y="78"/>
<point x="1261" y="151"/>
</points>
</Connector>
<Connector class="oracle.dbtools.crest.swingui.logical.TVRelation" oid="5768EBC8-3045-331D-1D72-B027A27EF15B" otype="Relation" vid_source="D1BB4716-AF00-21B7-7893-2430FB1CEB56" vid_target="D2971971-49FE-1519-2F66-63B1F08A7CF7">
<hideElementsInCurrentOnly>false</hideElementsInCurrentOnly>
<backgroundColor>-16777216</backgroundColor>
<lineWidth>1</lineWidth>
<points>
<point x="328" y="377"/>
<point x="282" y="377"/>
</points>
</Connector>
<Connector class="oracle.dbtools.crest.swingui.logical.TVRelation" oid="857BB618-9B24-DAB7-381C-25C108A7AFA3" otype="Relation" vid_source="8E1E62D7-0682-8F33-DF94-8B14115B22C8" vid_target="E7211774-9CDD-8129-9E10-5D51F9AFBCEC">
<hideElementsInCurrentOnly>false</hideElementsInCurrentOnly>
<backgroundColor>-16777216</backgroundColor>
<lineWidth>1</lineWidth>
<points>
<point x="326" y="108"/>
<point x="427" y="108"/>
</points>
</Connector>
<Connector class="oracle.dbtools.crest.swingui.logical.TVRelation" oid="B2B4FAA8-4F24-1C1C-E096-27F15E2D1039" otype="Relation" vid_source="469534F6-D103-B5D7-1344-445D33328568" vid_target="F6BA45F3-DBB9-DBD3-A870-A30B84CA995F">
<hideElementsInCurrentOnly>false</hideElementsInCurrentOnly>
<backgroundColor>-16777216</backgroundColor>
<lineWidth>1</lineWidth>
<points>
<point x="952" y="88"/>
<point x="952" y="148"/>
</points>
</Connector>
<Connector class="oracle.dbtools.crest.swingui.logical.TVRelation" oid="D0A57782-BE73-C9FD-6809-D21231C1A9AB" otype="Relation" vid_source="032AF596-A5FC-4B85-3E73-43412A13ABAA" vid_target="1CF1D69B-4C14-B4C0-C6C0-F33DC63E54BB">
<hideElementsInCurrentOnly>false</hideElementsInCurrentOnly>
<backgroundColor>-16777216</backgroundColor>
<lineWidth>1</lineWidth>
<points>
<point x="293" y="471"/>
<point x="346" y="471"/>
</points>
</Connector>
<Connector class="oracle.dbtools.crest.swingui.logical.TVRelation" oid="F87E3A97-52CC-0B70-A8AF-F08739235507" otype="Relation" vid_source="C05877F3-B697-E4B2-1007-11FE1F6D7821" vid_target="5246910C-576C-AE8D-2F25-282B72DF836B">
<hideElementsInCurrentOnly>false</hideElementsInCurrentOnly>
<backgroundColor>-16777216</backgroundColor>
<lineWidth>1</lineWidth>
<points>
<point x="282" y="247"/>
<point x="339" y="247"/>
</points>
</Connector>
<Connector class="oracle.dbtools.crest.swingui.logical.TVRelation" oid="FA40C03C-AFA9-31B8-6326-3155ABC06956" otype="Relation" vid_source="406A54B8-78BD-0ABA-C40E-E9AF67F20FD0" vid_target="F6BA45F3-DBB9-DBD3-A870-A30B84CA995F">
<hideElementsInCurrentOnly>false</hideElementsInCurrentOnly>
<backgroundColor>-16777216</backgroundColor>
<lineWidth>1</lineWidth>
<points>
<point x="957" y="305"/>
<point x="957" y="263"/>
</points>
</Connector>
<Connector class="oracle.dbtools.crest.swingui.logical.TVRelation" oid="FC21515E-E8D2-AE86-ED3F-12FFA7D146BA" otype="Relation" vid_source="6DAB10E0-87A5-8179-AB28-5FFB9F1EFF6C" vid_target="B38C6B80-4DAF-85DC-466F-FC9C2B1C4310">
<hideElementsInCurrentOnly>false</hideElementsInCurrentOnly>
<backgroundColor>-16777216</backgroundColor>
<lineWidth>1</lineWidth>
<points>
<point x="1264" y="309"/>
<point x="1264" y="251"/>
</points>
</Connector>
</connectors>
</Diagram>