<?xml version = '1.0' encoding = 'UTF-8'?>
<Relation class="oracle.dbtools.crest.model.design.logical.Relation" name="Relation_15" directorySegmentName="seg_0" id="3E482CB4-AADB-0A1B-8FB8-8D83F9D9E55D">
<createdBy>labsfiap</createdBy>
<createdTime>2025-04-04 01:42:21 UTC</createdTime>
<ownerDesignName>Exercicios</ownerDesignName>
<engineerTo>
<item key="8A81108E-D0EA-D057-1E02-956B8578991C" value="true"/>
</engineerTo>
<sourcePk>8743FCF6-452C-E78C-2A71-B2D5FB9F4D1D</sourcePk>
<identifying>true</identifying>
<optionalSource>true</optionalSource>
<optionalTarget>false</optionalTarget>
<sourceCardinality>1</sourceCardinality>
<sourceEntity>20C7496E-DAAC-CCDB-4222-9B417BAA2F43</sourceEntity>
<targetCardinalityString>*</targetCardinalityString>
<targetEntity>27A41AFE-3FA4-D91A-727C-E64D1825008A</targetEntity>
<transferable>true</transferable>
<deleteRule>NO ACTION</deleteRule>
</Relation>