<?xml version = '1.0' encoding = 'UTF-8'?>
<Relation class="oracle.dbtools.crest.model.design.logical.Relation" name="PEDIDOS" directorySegmentName="seg_0" id="5768EBC8-3045-331D-1D72-B027A27EF15B">
<createdBy>labsfiap</createdBy>
<createdTime>2025-04-04 01:06:57 UTC</createdTime>
<ownerDesignName>Exercicios</ownerDesignName>
<engineerTo>
<item key="8A81108E-D0EA-D057-1E02-956B8578991C" value="true"/>
</engineerTo>
<sourcePk>5A483523-B786-8170-2F90-2E2B26CD56E7</sourcePk>
<identifying>true</identifying>
<optionalSource>true</optionalSource>
<optionalTarget>false</optionalTarget>
<sourceCardinality>1</sourceCardinality>
<sourceEntity>20CFC7D6-2E97-BA7F-907E-1126F29C8C29</sourceEntity>
<targetCardinalityString>*</targetCardinalityString>
<targetEntity>74018ABA-9619-70CB-05F3-69836D7FFA23</targetEntity>
<transferable>true</transferable>
<deleteRule>NO ACTION</deleteRule>
</Relation>