<?xml version = '1.0' encoding = 'UTF-8'?>
<Relation class="oracle.dbtools.crest.model.design.logical.Relation" name="DEPENDENTE" directorySegmentName="seg_0" id="857BB618-9B24-DAB7-381C-25C108A7AFA3">
<createdBy>labsfiap</createdBy>
<createdTime>2025-04-04 00:57:59 UTC</createdTime>
<ownerDesignName>Exercicios</ownerDesignName>
<engineerTo>
<item key="8A81108E-D0EA-D057-1E02-956B8578991C" value="true"/>
</engineerTo>
<sourcePk>FB58C719-5DC7-E551-DDD6-BEF019F7DA0A</sourcePk>
<identifying>true</identifying>
<optionalSource>true</optionalSource>
<optionalTarget>false</optionalTarget>
<sourceCardinality>1</sourceCardinality>
<sourceEntity>03B13FDA-8B89-00A8-E157-1FD56A39306A</sourceEntity>
<targetCardinalityString>*</targetCardinalityString>
<targetEntity>202086B5-B367-EB6E-ACB4-A82763D57536</targetEntity>
<transferable>true</transferable>
<deleteRule>NO ACTION</deleteRule>
</Relation>