<?xml version = '1.0' encoding = 'UTF-8'?>
<Relation class="oracle.dbtools.crest.model.design.logical.Relation" name="Relation_14" directorySegmentName="seg_0" id="B2B4FAA8-4F24-1C1C-E096-27F15E2D1039">
<createdBy>labsfiap</createdBy>
<createdTime>2025-04-04 01:41:27 UTC</createdTime>
<ownerDesignName>Exercicios</ownerDesignName>
<engineerTo>
<item key="8A81108E-D0EA-D057-1E02-956B8578991C" value="true"/>
</engineerTo>
<sourcePk>846AFAE5-966C-B9EB-7890-17FD6FF89BA4</sourcePk>
<identifying>true</identifying>
<optionalSource>true</optionalSource>
<optionalTarget>false</optionalTarget>
<sourceCardinality>1</sourceCardinality>
<sourceEntity>BB6F742D-D4C0-57BA-E4D1-6DE9175EBDE4</sourceEntity>
<targetCardinalityString>*</targetCardinalityString>
<targetEntity>8EC332EF-5171-D7E1-33DC-7BB1DE36C783</targetEntity>
<transferable>true</transferable>
<deleteRule>NO ACTION</deleteRule>
</Relation>