<?xml version = '1.0' encoding = 'UTF-8'?>
<Relation class="oracle.dbtools.crest.model.design.logical.Relation" name="Relation_7" directorySegmentName="seg_0" id="D0A57782-BE73-C9FD-6809-D21231C1A9AB">
<createdBy>labsfiap</createdBy>
<createdTime>2025-04-04 01:16:04 UTC</createdTime>
<ownerDesignName>Exercicios</ownerDesignName>
<engineerTo>
<item key="8A81108E-D0EA-D057-1E02-956B8578991C" value="true"/>
</engineerTo>
<sourcePk>7261DB58-E326-1563-AE00-E4DF9610A258</sourcePk>
<targetPk>155068D2-1EE0-2353-4194-C60874B635CB</targetPk>
<identifying>false</identifying>
<optionalSource>false</optionalSource>
<optionalTarget>false</optionalTarget>
<sourceCardinality>1</sourceCardinality>
<sourceEntity>1EF3D32D-54EA-F1B0-F7A4-A4F300A2C6AC</sourceEntity>
<targetCardinalityString>1</targetCardinalityString>
<targetEntity>B2A40AA0-9320-6639-4DDF-23B18A946079</targetEntity>
<transferable>true</transferable>
<deleteRule>NO ACTION</deleteRule>
</Relation>