<?xml version = '1.0' encoding = 'UTF-8'?>
<Relation class="oracle.dbtools.crest.model.design.logical.Relation" name="Relation_3" directorySegmentName="seg_0" id="F87E3A97-52CC-0B70-A8AF-F08739235507">
<createdBy>labsfiap</createdBy>
<createdTime>2025-04-04 01:02:08 UTC</createdTime>
<ownerDesignName>Exercicios</ownerDesignName>
<engineerTo>
<item key="8A81108E-D0EA-D057-1E02-956B8578991C" value="true"/>
</engineerTo>
<sourcePk>F0135F80-1764-69D6-686D-9AA2088D6780</sourcePk>
<identifying>false</identifying>
<optionalSource>true</optionalSource>
<optionalTarget>false</optionalTarget>
<sourceCardinality>1</sourceCardinality>
<sourceEntity>C629F638-2DBC-9A82-1FC0-59EA7C030ED7</sourceEntity>
<targetCardinalityString>*</targetCardinalityString>
<targetEntity>C6A76562-CDB7-1C6A-B214-34507508E39D</targetEntity>
<transferable>true</transferable>
<deleteRule>NO ACTION</deleteRule>
</Relation>