<?xml version = '1.0' encoding = 'UTF-8'?>
<Relation class="oracle.dbtools.crest.model.design.logical.Relation" name="Relation_13" directorySegmentName="seg_0" id="FA40C03C-AFA9-31B8-6326-3155ABC06956">
<createdBy>labsfiap</createdBy>
<createdTime>2025-04-04 01:41:17 UTC</createdTime>
<ownerDesignName>Exercicios</ownerDesignName>
<engineerTo>
<item key="8A81108E-D0EA-D057-1E02-956B8578991C" value="true"/>
</engineerTo>
<sourcePk>C8EABC59-9A23-A647-D53F-00BB2C036BFA</sourcePk>
<identifying>true</identifying>
<optionalSource>true</optionalSource>
<optionalTarget>false</optionalTarget>
<sourceCardinality>1</sourceCardinality>
<sourceEntity>344F16CC-697B-F018-BD21-34566389F5A8</sourceEntity>
<targetCardinalityString>*</targetCardinalityString>
<targetEntity>8EC332EF-5171-D7E1-33DC-7BB1DE36C783</targetEntity>
<transferable>true</transferable>
<deleteRule>NO ACTION</deleteRule>
</Relation>