<?xml version = '1.0' encoding = 'UTF-8'?>
<Relation class="oracle.dbtools.crest.model.design.logical.Relation" name="Relation_16" directorySegmentName="seg_0" id="FC21515E-E8D2-AE86-ED3F-12FFA7D146BA">
<createdBy>labsfiap</createdBy>
<createdTime>2025-04-04 01:42:26 UTC</createdTime>
<ownerDesignName>Exercicios</ownerDesignName>
<engineerTo>
<item key="8A81108E-D0EA-D057-1E02-956B8578991C" value="true"/>
</engineerTo>
<sourcePk>7BD3F2A1-D5A2-9176-6BE7-80CE31D784FB</sourcePk>
<identifying>true</identifying>
<optionalSource>false</optionalSource>
<optionalTarget>false</optionalTarget>
<sourceCardinality>1</sourceCardinality>
<sourceEntity>16844322-3A30-305A-3A2C-A5B3807EA06E</sourceEntity>
<targetCardinalityString>*</targetCardinalityString>
<targetEntity>27A41AFE-3FA4-D91A-727C-E64D1825008A</targetEntity>
<transferable>true</transferable>
<deleteRule>NO ACTION</deleteRule>
</Relation>