<?xml version = '1.0' encoding = 'UTF-8'?>
<Entity class="oracle.dbtools.crest.model.design.logical.Entity" directorySegmentName="seg_0" id="98397853-977F-881A-7095-A17F920CBFF2" name="T_VB_ESTABELECIMENTO">
<createdBy>labsfiap</createdBy>
<createdTime>2025-03-28 00:32:17 UTC</createdTime>
<ownerDesignName>VB</ownerDesignName>
<engineerTo>
<item key="7C9B3D51-38A0-10AC-DECD-EE132270B87E" value="true"/>
</engineerTo>
<adequatelyNormalized>NO</adequatelyNormalized>
<expectedVolumes>0</expectedVolumes>
<fwdEngineeringStrategyName>Single Table</fwdEngineeringStrategyName>
<growthPercent>0</growthPercent>
<growthType>Year</growthType>
<maxVolumes>9999999</maxVolumes>
<minVolumes>0</minVolumes>
<normalForm>Third</normalForm>
<attributes itemClass="oracle.dbtools.crest.model.design.logical.Attribute">
<Attribute name="ID_ESTABELECIMENTO" id="B15F9555-7696-5274-D2B5-95F7F2F1F8FD">
<createdBy>labsfiap</createdBy>
<createdTime>2025-03-28 00:36:34 UTC</createdTime>
<commentInRDBMS><![CDATA[Identificador do estabelecimento, sera a chave primaria da entidade																																																									]]></commentInRDBMS>
<ownerDesignName>VB</ownerDesignName>
<engineerTo>
<item key="7C9B3D51-38A0-10AC-DECD-EE132270B87E" value="true"/>
</engineerTo>
<useDomainConstraints>false</useDomainConstraints>
<use>1</use>
<logicalDatatype>LOGDT019</logicalDatatype>
<dataTypePrecision>10</dataTypePrecision>
<ownDataTypeParameters>,10,</ownDataTypeParameters>
</Attribute>
<Attribute name="DS_RAZAO_SOCIAL" id="F7D56E82-7C88-B615-69D9-788E6A409012">
<createdBy>labsfiap</createdBy>
<createdTime>2025-03-28 00:41:50 UTC</createdTime>
<commentInRDBMS><![CDATA[Razao social do estabelecimento,  esse atributo e obrigatorio]]></commentInRDBMS>
<ownerDesignName>VB</ownerDesignName>
<engineerTo>
<item key="7C9B3D51-38A0-10AC-DECD-EE132270B87E" value="true"/>
</engineerTo>
<useDomainConstraints>false</useDomainConstraints>
<use>1</use>
<logicalDatatype>LOGDT024</logicalDatatype>
<dataTypeSize>110</dataTypeSize>
<ownDataTypeParameters>110,,</ownDataTypeParameters>
</Attribute>
<Attribute name="NR_CNPJ" id="79CD3878-C330-24B5-80ED-5EAB4C601A64">
<createdBy>labsfiap</createdBy>
<createdTime>2025-03-28 00:50:53 UTC</createdTime>
<commentInRDBMS><![CDATA[Cadastro Nacional de Pessoa Juridica, seu conteudo e obrigatorio]]></commentInRDBMS>
<ownerDesignName>VB</ownerDesignName>
<engineerTo>
<item key="7C9B3D51-38A0-10AC-DECD-EE132270B87E" value="true"/>
</engineerTo>
<useDomainConstraints>false</useDomainConstraints>
<use>1</use>
<logicalDatatype>LOGDT019</logicalDatatype>
<dataTypePrecision>14</dataTypePrecision>
<ownDataTypeParameters>,14,</ownDataTypeParameters>
</Attribute>
<Attribute name="nr_insc_estadual" id="C9D59FE9-7C29-1CB3-BD6B-F555246A4BE9">
<createdBy>labsfiap</createdBy>
<createdTime>2025-03-28 01:40:33 UTC</createdTime>
<ownerDesignName>VB</ownerDesignName>
<engineerTo>
<item key="7C9B3D51-38A0-10AC-DECD-EE132270B87E" value="true"/>
</engineerTo>
<nullsAllowed>true</nullsAllowed>
<useDomainConstraints>false</useDomainConstraints>
<use>1</use>
<logicalDatatype>LOGDT019</logicalDatatype>
<dataTypePrecision>12</dataTypePrecision>
<ownDataTypeParameters>,12,</ownDataTypeParameters>
</Attribute>
<Attribute name="nr_telefone" id="68275EEC-A05E-54B1-C5B3-654F0E903DAC">
<createdBy>labsfiap</createdBy>
<createdTime>2025-03-28 01:41:37 UTC</createdTime>
<ownerDesignName>VB</ownerDesignName>
<engineerTo>
<item key="7C9B3D51-38A0-10AC-DECD-EE132270B87E" value="true"/>
</engineerTo>
<useDomainConstraints>false</useDomainConstraints>
<use>1</use>
<logicalDatatype>LOGDT019</logicalDatatype>
<dataTypePrecision>70</dataTypePrecision>
<ownDataTypeParameters>,70,</ownDataTypeParameters>
</Attribute>
<Attribute name="nr_mesa" id="18737045-F0A8-F9BD-6D0F-E1941C2B05BD">
<createdBy>labsfiap</createdBy>
<createdTime>2025-03-28 01:42:01 UTC</createdTime>
<ownerDesignName>VB</ownerDesignName>
<engineerTo>
<item key="7C9B3D51-38A0-10AC-DECD-EE132270B87E" value="true"/>
</engineerTo>
<nullsAllowed>true</nullsAllowed>
<useDomainConstraints>false</useDomainConstraints>
<use>1</use>
<logicalDatatype>LOGDT024</logicalDatatype>
<dataTypeSize>100</dataTypeSize>
<ownDataTypeParameters>100,,</ownDataTypeParameters>
</Attribute>
</attributes>
<identifiers itemClass="oracle.dbtools.crest.model.design.logical.CandidateKey">
<identifier id="F9771B0C-561C-C81A-DDD9-A0073CAA1107" name="T_VB_ESTABELECIMENTO PK">
<createdBy>labsfiap</createdBy>
<createdTime>2025-03-28 00:41:37 UTC</createdTime>
<ownerDesignName>VB</ownerDesignName>
<engineerTo>
<item key="7C9B3D51-38A0-10AC-DECD-EE132270B87E" value="true"/>
</engineerTo>
<pk>true</pk>
<usedAttributes>
<attributeRef>B15F9555-7696-5274-D2B5-95F7F2F1F8FD</attributeRef>
</usedAttributes>
</identifier>
</identifiers>
</Entity>
