<?xml version = '1.0' encoding = 'UTF-8'?>
<Entity class="oracle.dbtools.crest.model.design.logical.Entity" directorySegmentName="seg_0" id="D6AB5240-E20F-DF46-B8FC-1E8C9930BCF6" name="T_VB_MESA">
<createdBy>labsfiap</createdBy>
<createdTime>2025-03-28 02:07:47 UTC</createdTime>
<ownerDesignName>VB</ownerDesignName>
<engineerTo>
<item key="7C9B3D51-38A0-10AC-DECD-EE132270B87E" value="true"/>
</engineerTo>
<adequatelyNormalized>NO</adequatelyNormalized>
<expectedVolumes>0</expectedVolumes>
<fwdEngineeringStrategyName>Single Table</fwdEngineeringStrategyName>
<growthPercent>0</growthPercent>
<growthType>Year</growthType>
<maxVolumes>9999999</maxVolumes>
<minVolumes>0</minVolumes>
<normalForm>Third</normalForm>
</Entity>
