<?xml version = '1.0' encoding = 'UTF-8'?>
<Entity class="oracle.dbtools.crest.model.design.logical.Entity" directorySegmentName="seg_0" id="FE157FEF-5868-8F95-2B39-666D9AF6136C" name="T_VB_PEDIDO_VENDA">
<createdBy>labsfiap</createdBy>
<createdTime>2025-03-28 01:47:03 UTC</createdTime>
<ownerDesignName>VB</ownerDesignName>
<engineerTo>
<item key="7C9B3D51-38A0-10AC-DECD-EE132270B87E" value="true"/>
</engineerTo>
<adequatelyNormalized>NO</adequatelyNormalized>
<expectedVolumes>0</expectedVolumes>
<fwdEngineeringStrategyName>Single Table</fwdEngineeringStrategyName>
<growthPercent>0</growthPercent>
<growthType>Year</growthType>
<maxVolumes>9999999</maxVolumes>
<minVolumes>0</minVolumes>
<normalForm>Third</normalForm>
<attributes itemClass="oracle.dbtools.crest.model.design.logical.Attribute">
<Attribute name="nr_pedido" id="EC89AF52-F8DC-7B7C-DBD8-C8290FE092A0">
<createdBy>labsfiap</createdBy>
<createdTime>2025-03-28 01:55:00 UTC</createdTime>
<ownerDesignName>VB</ownerDesignName>
<engineerTo>
<item key="7C9B3D51-38A0-10AC-DECD-EE132270B87E" value="true"/>
</engineerTo>
<useDomainConstraints>false</useDomainConstraints>
<use>1</use>
<logicalDatatype>LOGDT019</logicalDatatype>
<ownDataTypeParameters>,,</ownDataTypeParameters>
</Attribute>
<Attribute name="ID_ESTABELECIMENTO" id="096F8FBB-03F2-6102-1D16-25F966FB278C">
<createdBy>labsfiap</createdBy>
<createdTime>2025-03-28 01:50:33 UTC</createdTime>
<generatorID>62429201-B513-D8D7-191C-85DBC367E577</generatorID>
<ownerDesignName>VB</ownerDesignName>
<engineerTo>
<item key="7C9B3D51-38A0-10AC-DECD-EE132270B87E" value="true"/>
</engineerTo>
<referedAttribute>B15F9555-7696-5274-D2B5-95F7F2F1F8FD</referedAttribute>
<useDomainConstraints>false</useDomainConstraints>
<use>1</use>
<logicalDatatype>LOGDT019</logicalDatatype>
<dataTypePrecision>10</dataTypePrecision>
<ownDataTypeParameters>,,</ownDataTypeParameters>
</Attribute>
<Attribute name="dt_emissao" id="E3CE8F66-A399-3AA4-6F89-D6FC62B9F01E">
<createdBy>labsfiap</createdBy>
<createdTime>2025-03-28 01:57:08 UTC</createdTime>
<ownerDesignName>VB</ownerDesignName>
<engineerTo>
<item key="7C9B3D51-38A0-10AC-DECD-EE132270B87E" value="true"/>
</engineerTo>
<useDomainConstraints>false</useDomainConstraints>
<use>1</use>
<logicalDatatype>LOGDT007</logicalDatatype>
<ownDataTypeParameters>,,</ownDataTypeParameters>
</Attribute>
<Attribute name="nm_atendente" id="B6AB8580-A675-54F9-14E4-AD9C56C8A1ED">
<createdBy>labsfiap</createdBy>
<createdTime>2025-03-28 01:57:36 UTC</createdTime>
<ownerDesignName>VB</ownerDesignName>
<engineerTo>
<item key="7C9B3D51-38A0-10AC-DECD-EE132270B87E" value="true"/>
</engineerTo>
<useDomainConstraints>false</useDomainConstraints>
<use>1</use>
<logicalDatatype>LOGDT024</logicalDatatype>
<dataTypeSize>70</dataTypeSize>
<ownDataTypeParameters>70,,</ownDataTypeParameters>
</Attribute>
<Attribute name="ds_pagamento" id="0F7ADD24-6548-33F9-A6ED-DB45CC1E612D">
<createdBy>labsfiap</createdBy>
<createdTime>2025-03-28 01:59:17 UTC</createdTime>
<ownerDesignName>VB</ownerDesignName>
<engineerTo>
<item key="7C9B3D51-38A0-10AC-DECD-EE132270B87E" value="true"/>
</engineerTo>
<nullsAllowed>true</nullsAllowed>
<useDomainConstraints>false</useDomainConstraints>
<use>1</use>
<logicalDatatype>LOGDT024</logicalDatatype>
<dataTypeSize>30</dataTypeSize>
<ownDataTypeParameters>30,,</ownDataTypeParameters>
</Attribute>
<Attribute name="nm_cliente" id="308D198B-DB50-4079-31C3-E71E70642534">
<createdBy>labsfiap</createdBy>
<createdTime>2025-03-28 01:59:55 UTC</createdTime>
<ownerDesignName>VB</ownerDesignName>
<engineerTo>
<item key="7C9B3D51-38A0-10AC-DECD-EE132270B87E" value="true"/>
</engineerTo>
<nullsAllowed>true</nullsAllowed>
<useDomainConstraints>false</useDomainConstraints>
<use>1</use>
<logicalDatatype>LOGDT024</logicalDatatype>
<dataTypeSize>70</dataTypeSize>
<ownDataTypeParameters>70,,</ownDataTypeParameters>
</Attribute>
<Attribute name="qt_pessoas" id="3E9AFDF6-BD36-DF71-2E3E-CC57581415CF">
<createdBy>labsfiap</createdBy>
<createdTime>2025-03-28 02:00:17 UTC</createdTime>
<ownerDesignName>VB</ownerDesignName>
<engineerTo>
<item key="7C9B3D51-38A0-10AC-DECD-EE132270B87E" value="true"/>
</engineerTo>
<useDomainConstraints>false</useDomainConstraints>
<use>1</use>
<logicalDatatype>LOGDT019</logicalDatatype>
<dataTypePrecision>4</dataTypePrecision>
<ownDataTypeParameters>,4,</ownDataTypeParameters>
</Attribute>
<Attribute name="dt_fechamento" id="0E3B31EA-3A59-BB91-CA6E-772C1848BD43">
<createdBy>labsfiap</createdBy>
<createdTime>2025-03-28 02:00:51 UTC</createdTime>
<ownerDesignName>VB</ownerDesignName>
<engineerTo>
<item key="7C9B3D51-38A0-10AC-DECD-EE132270B87E" value="true"/>
</engineerTo>
<nullsAllowed>true</nullsAllowed>
<useDomainConstraints>false</useDomainConstraints>
<use>1</use>
<logicalDatatype>LOGDT007</logicalDatatype>
<ownDataTypeParameters>,,</ownDataTypeParameters>
</Attribute>
</attributes>
<identifiers itemClass="oracle.dbtools.crest.model.design.logical.CandidateKey">
<identifier id="75688DE6-8161-48D9-8926-9AF6F51AF1EE" name="T_VB_PEDIDO_VENDA PK">
<createdBy>labsfiap</createdBy>
<createdTime>2025-03-28 01:56:33 UTC</createdTime>
<ownerDesignName>VB</ownerDesignName>
<engineerTo>
<item key="7C9B3D51-38A0-10AC-DECD-EE132270B87E" value="true"/>
</engineerTo>
<pk>true</pk>
<usedAttributes>
<attributeRef>EC89AF52-F8DC-7B7C-DBD8-C8290FE092A0</attributeRef>
</usedAttributes>
</identifier>
</identifiers>
</Entity>
