<?xml version = '1.0' encoding = 'UTF-8'?>
<Diagram class="oracle.dbtools.crest.swingui.logical.DPVLogical" name="Logical" id="F0FAFF89-C9C4-A585-5B23-0E244B2F6D98">
<createdBy>labsfiap</createdBy>
<modifiedBy>labsfiap</modifiedBy>
<createdTime>2025-03-28 00:32:17 UTC</createdTime>
<autoRoute>false</autoRoute>
<boxInbox>true</boxInbox>
<showLegend>false</showLegend>
<showLabels>false</showLabels>
<showRelAttributes>false</showRelAttributes>
<gridEnabled>false</gridEnabled>
<showGrid>false</showGrid>
<diagramColor>-1</diagramColor>
<display>false</display>
<notation>2</notation>
<objectViews>
<OView class="oracle.dbtools.crest.swingui.logical.TVEntity" oid="2A61C47D-072E-A3DD-4145-EB6845BC1C53" otype="Entity" vid="2066F57C-805B-D2C4-656D-6ED268E0E1CF">
<hideElementsInCurrentOnly>false</hideElementsInCurrentOnly>
<bounds x="682" y="260" width="250" height="105"/>
</OView>
<OView class="oracle.dbtools.crest.swingui.logical.TVEntity" oid="98397853-977F-881A-7095-A17F920CBFF2" otype="Entity" vid="E01BB4B6-4D22-8552-51EE-61AD60226CAE">
<hideElementsInCurrentOnly>false</hideElementsInCurrentOnly>
<bounds x="24" y="78" width="247" height="137"/>
</OView>
<OView class="oracle.dbtools.crest.swingui.logical.TVEntity" oid="D6AB5240-E20F-DF46-B8FC-1E8C9930BCF6" otype="Entity" vid="4540EFC3-C714-54AA-5887-4D91A0E397E4">
<hideElementsInCurrentOnly>false</hideElementsInCurrentOnly>
<bounds x="294" y="244" width="261" height="123"/>
</OView>
<OView class="oracle.dbtools.crest.swingui.logical.TVEntity" oid="DD332820-20D2-3D0F-80AA-82B0FF8C633E" otype="Entity" vid="D9C2044C-36C9-64E7-9DD9-3EDF51ADD073">
<hideElementsInCurrentOnly>false</hideElementsInCurrentOnly>
<bounds x="723" y="45" width="314" height="177"/>
</OView>
<OView class="oracle.dbtools.crest.swingui.logical.TVEntity" oid="FE157FEF-5868-8F95-2B39-666D9AF6136C" otype="Entity" vid="07335A9F-7622-6460-3A36-25C57F88E738">
<hideElementsInCurrentOnly>false</hideElementsInCurrentOnly>
<bounds x="386" y="45" width="287" height="164"/>
</OView>
</objectViews>
<connectors>
<Connector class="oracle.dbtools.crest.swingui.logical.TVRelation" oid="62429201-B513-D8D7-191C-85DBC367E577" otype="Relation" vid_source="E01BB4B6-4D22-8552-51EE-61AD60226CAE" vid_target="07335A9F-7622-6460-3A36-25C57F88E738">
<hideElementsInCurrentOnly>false</hideElementsInCurrentOnly>
<backgroundColor>-16777216</backgroundColor>
<lineWidth>1</lineWidth>
<points>
<point x="271" y="143"/>
<point x="386" y="143"/>
</points>
</Connector>
<Connector class="oracle.dbtools.crest.swingui.logical.TVRelation" oid="75CD0A56-9EE3-77D9-0471-9891CE946B59" otype="Relation" vid_source="07335A9F-7622-6460-3A36-25C57F88E738" vid_target="D9C2044C-36C9-64E7-9DD9-3EDF51ADD073">
<hideElementsInCurrentOnly>false</hideElementsInCurrentOnly>
<backgroundColor>-16777216</backgroundColor>
<lineWidth>1</lineWidth>
<points>
<point x="673" y="127"/>
<point x="723" y="127"/>
</points>
</Connector>
</connectors>
</Diagram>
