<?xml version = '1.0' encoding = 'UTF-8'?>
<Entity class="oracle.dbtools.crest.model.design.logical.Entity" directorySegmentName="seg_0" id="03B13FDA-8B89-00A8-E157-1FD56A39306A" name="CD_DEPARTAMENTO">
<createdBy>labsfiap</createdBy>
<createdTime>2025-04-04 00:55:31 UTC</createdTime>
<ownerDesignName>Exercicios</ownerDesignName>
<engineerTo>
<item key="8A81108E-D0EA-D057-1E02-956B8578991C" value="true"/>
</engineerTo>
<adequatelyNormalized>NO</adequatelyNormalized>
<expectedVolumes>0</expectedVolumes>
<fwdEngineeringStrategyName>Single Table</fwdEngineeringStrategyName>
<growthPercent>0</growthPercent>
<growthType>Year</growthType>
<maxVolumes>9999999</maxVolumes>
<minVolumes>0</minVolumes>
<normalForm>Third</normalForm>
<attributes itemClass="oracle.dbtools.crest.model.design.logical.Attribute">
<Attribute name="CD_DEPARTAMENTO" id="6995E1D3-D8F6-8978-20DB-E28152CF602F">
<createdBy>labsfiap</createdBy>
<createdTime>2025-04-04 00:55:52 UTC</createdTime>
<commentInRDBMS><![CDATA[Codigo do departamento, esse atributo será gerado automaticamente e sera a chave primaria]]></commentInRDBMS>
<ownerDesignName>Exercicios</ownerDesignName>
<engineerTo>
<item key="8A81108E-D0EA-D057-1E02-956B8578991C" value="true"/>
</engineerTo>
<useDomainConstraints>false</useDomainConstraints>
<use>1</use>
<logicalDatatype>LOGDT019</logicalDatatype>
<ownDataTypeParameters>,,</ownDataTypeParameters>
</Attribute>
</attributes>
<identifiers itemClass="oracle.dbtools.crest.model.design.logical.CandidateKey">
<identifier id="FB58C719-5DC7-E551-DDD6-BEF019F7DA0A" name="CD_DEPARTAMENTO PK">
<createdBy>labsfiap</createdBy>
<createdTime>2025-04-04 00:56:16 UTC</createdTime>
<ownerDesignName>Exercicios</ownerDesignName>
<engineerTo>
<item key="8A81108E-D0EA-D057-1E02-956B8578991C" value="true"/>
</engineerTo>
<pk>true</pk>
<usedAttributes>
<attributeRef>6995E1D3-D8F6-8978-20DB-E28152CF602F</attributeRef>
</usedAttributes>
</identifier>
</identifiers>
</Entity>