<?xml version = '1.0' encoding = 'UTF-8'?>
<Entity class="oracle.dbtools.crest.model.design.logical.Entity" directorySegmentName="seg_0" id="1EF3D32D-54EA-F1B0-F7A4-A4F300A2C6AC" name="T_LOGIN_RHSTU">
<createdBy>labsfiap</createdBy>
<createdTime>2025-04-04 01:13:56 UTC</createdTime>
<ownerDesignName>Exercicios</ownerDesignName>
<engineerTo>
<item key="8A81108E-D0EA-D057-1E02-956B8578991C" value="true"/>
</engineerTo>
<adequatelyNormalized>NO</adequatelyNormalized>
<expectedVolumes>0</expectedVolumes>
<fwdEngineeringStrategyName>Single Table</fwdEngineeringStrategyName>
<growthPercent>0</growthPercent>
<growthType>Year</growthType>
<maxVolumes>9999999</maxVolumes>
<minVolumes>0</minVolumes>
<normalForm>Third</normalForm>
<attributes itemClass="oracle.dbtools.crest.model.design.logical.Attribute">
<Attribute name="CD_LOGIN" id="3AB9E3FD-36DA-937E-DD8B-F52E19F3B8C3">
<createdBy>labsfiap</createdBy>
<createdTime>2025-04-04 01:14:19 UTC</createdTime>
<ownerDesignName>Exercicios</ownerDesignName>
<engineerTo>
<item key="8A81108E-D0EA-D057-1E02-956B8578991C" value="true"/>
</engineerTo>
<useDomainConstraints>false</useDomainConstraints>
<use>1</use>
<logicalDatatype>LOGDT024</logicalDatatype>
<dataTypeSize>10</dataTypeSize>
<ownDataTypeParameters>10,,</ownDataTypeParameters>
</Attribute>
<Attribute name="NM_FUNCIONARIO" id="67DD5898-D0E4-EAB1-02F3-562737B1DD21">
<createdBy>labsfiap</createdBy>
<createdTime>2025-04-04 01:16:09 UTC</createdTime>
<generatorID>D0A57782-BE73-C9FD-6809-D21231C1A9AB</generatorID>
<ownerDesignName>Exercicios</ownerDesignName>
<engineerTo>
<item key="8A81108E-D0EA-D057-1E02-956B8578991C" value="true"/>
</engineerTo>
<referedAttribute>974D9F08-D15B-60B7-0498-A7CEE0A2F6D6</referedAttribute>
<useDomainConstraints>false</useDomainConstraints>
<use>1</use>
<logicalDatatype>LOGDT024</logicalDatatype>
<ownDataTypeParameters>,,</ownDataTypeParameters>
</Attribute>
</attributes>
<identifiers itemClass="oracle.dbtools.crest.model.design.logical.CandidateKey">
<identifier id="7261DB58-E326-1563-AE00-E4DF9610A258" name="T_LOGIN PK">
<createdBy>labsfiap</createdBy>
<createdTime>2025-04-04 01:14:57 UTC</createdTime>
<ownerDesignName>Exercicios</ownerDesignName>
<engineerTo>
<item key="8A81108E-D0EA-D057-1E02-956B8578991C" value="true"/>
</engineerTo>
<pk>true</pk>
<usedAttributes>
<attributeRef>3AB9E3FD-36DA-937E-DD8B-F52E19F3B8C3</attributeRef>
</usedAttributes>
</identifier>
</identifiers>
</Entity>