<?xml version = '1.0' encoding = 'UTF-8'?>
<Entity class="oracle.dbtools.crest.model.design.logical.Entity" directorySegmentName="seg_0" id="202086B5-B367-EB6E-ACB4-A82763D57536" name="T_FUNCIONARIO">
<createdBy>labsfiap</createdBy>
<createdTime>2025-04-04 00:57:16 UTC</createdTime>
<ownerDesignName>Exercicios</ownerDesignName>
<engineerTo>
<item key="8A81108E-D0EA-D057-1E02-956B8578991C" value="true"/>
</engineerTo>
<adequatelyNormalized>NO</adequatelyNormalized>
<expectedVolumes>0</expectedVolumes>
<fwdEngineeringStrategyName>Single Table</fwdEngineeringStrategyName>
<growthPercent>0</growthPercent>
<growthType>Year</growthType>
<maxVolumes>9999999</maxVolumes>
<minVolumes>0</minVolumes>
<normalForm>Third</normalForm>
<attributes itemClass="oracle.dbtools.crest.model.design.logical.Attribute">
<Attribute name="CD_FUNCIONARIO" id="44B49A68-5703-E98E-5D1F-4F830F578FCF">
<createdBy>labsfiap</createdBy>
<createdTime>2025-04-04 00:57:38 UTC</createdTime>
<ownerDesignName>Exercicios</ownerDesignName>
<engineerTo>
<item key="8A81108E-D0EA-D057-1E02-956B8578991C" value="true"/>
</engineerTo>
<useDomainConstraints>false</useDomainConstraints>
<use>1</use>
<logicalDatatype>LOGDT019</logicalDatatype>
<dataTypePrecision>5</dataTypePrecision>
<ownDataTypeParameters>,5,</ownDataTypeParameters>
</Attribute>
<Attribute name="NM_FUNCIONARIO" id="12466ACC-DF33-8AA3-AB51-91499248E2FC">
<createdBy>labsfiap</createdBy>
<createdTime>2025-04-04 01:03:24 UTC</createdTime>
<commentInRDBMS><![CDATA[Nome do funcionario, seu conteudo é obrigatorio e não pode ser abreviado.]]></commentInRDBMS>
<ownerDesignName>Exercicios</ownerDesignName>
<engineerTo>
<item key="8A81108E-D0EA-D057-1E02-956B8578991C" value="true"/>
</engineerTo>
<useDomainConstraints>false</useDomainConstraints>
<use>1</use>
<logicalDatatype>LOGDT024</logicalDatatype>
<dataTypeSize>150</dataTypeSize>
<ownDataTypeParameters>150,,</ownDataTypeParameters>
</Attribute>
<Attribute name="CD_DEPARTAMENTO" id="673FA8FA-1A4F-986A-B523-386C2506C28B">
<createdBy>labsfiap</createdBy>
<createdTime>2025-04-04 00:57:59 UTC</createdTime>
<generatorID>857BB618-9B24-DAB7-381C-25C108A7AFA3</generatorID>
<ownerDesignName>Exercicios</ownerDesignName>
<engineerTo>
<item key="8A81108E-D0EA-D057-1E02-956B8578991C" value="true"/>
</engineerTo>
<referedAttribute>6995E1D3-D8F6-8978-20DB-E28152CF602F</referedAttribute>
<useDomainConstraints>false</useDomainConstraints>
<use>1</use>
<logicalDatatype>LOGDT019</logicalDatatype>
<ownDataTypeParameters>,,</ownDataTypeParameters>
</Attribute>
</attributes>
<identifiers itemClass="oracle.dbtools.crest.model.design.logical.CandidateKey">
<identifier id="A7E71053-AA04-85AD-0186-5B2D8B58E627" name="T_FUNCIONARIO PK">
<createdBy>labsfiap</createdBy>
<createdTime>2025-04-04 00:57:52 UTC</createdTime>
<ownerDesignName>Exercicios</ownerDesignName>
<engineerTo>
<item key="8A81108E-D0EA-D057-1E02-956B8578991C" value="true"/>
</engineerTo>
<pk>true</pk>
<usedAttributes>
<attributeRef>44B49A68-5703-E98E-5D1F-4F830F578FCF</attributeRef>
<attributeRef>673FA8FA-1A4F-986A-B523-386C2506C28B</attributeRef>
</usedAttributes>
</identifier>
</identifiers>
</Entity>