<?xml version = '1.0' encoding = 'UTF-8'?>
<Entity class="oracle.dbtools.crest.model.design.logical.Entity" directorySegmentName="seg_0" id="20C7496E-DAAC-CCDB-4222-9B417BAA2F43" name="T_MEDICO">
<createdBy>labsfiap</createdBy>
<createdTime>2025-04-04 01:08:32 UTC</createdTime>
<ownerDesignName>Exercicios</ownerDesignName>
<engineerTo>
<item key="8A81108E-D0EA-D057-1E02-956B8578991C" value="true"/>
</engineerTo>
<adequatelyNormalized>NO</adequatelyNormalized>
<expectedVolumes>0</expectedVolumes>
<fwdEngineeringStrategyName>Single Table</fwdEngineeringStrategyName>
<growthPercent>0</growthPercent>
<growthType>Year</growthType>
<maxVolumes>9999999</maxVolumes>
<minVolumes>0</minVolumes>
<normalForm>Third</normalForm>
<attributes itemClass="oracle.dbtools.crest.model.design.logical.Attribute">
<Attribute name="NM_MEDICO" id="C8EB175C-05F8-9D5A-4BC5-3DBD7D617567">
<createdBy>labsfiap</createdBy>
<createdTime>2025-04-04 01:08:57 UTC</createdTime>
<ownerDesignName>Exercicios</ownerDesignName>
<engineerTo>
<item key="8A81108E-D0EA-D057-1E02-956B8578991C" value="true"/>
</engineerTo>
<useDomainConstraints>false</useDomainConstraints>
<use>1</use>
<logicalDatatype>LOGDT019</logicalDatatype>
<ownDataTypeParameters>,,</ownDataTypeParameters>
</Attribute>
</attributes>
<identifiers itemClass="oracle.dbtools.crest.model.design.logical.CandidateKey">
<identifier id="8743FCF6-452C-E78C-2A71-B2D5FB9F4D1D" name="T_MEDICO PK">
<createdBy>labsfiap</createdBy>
<createdTime>2025-04-04 01:09:16 UTC</createdTime>
<ownerDesignName>Exercicios</ownerDesignName>
<engineerTo>
<item key="8A81108E-D0EA-D057-1E02-956B8578991C" value="true"/>
</engineerTo>
<pk>true</pk>
<usedAttributes>
<attributeRef>C8EB175C-05F8-9D5A-4BC5-3DBD7D617567</attributeRef>
</usedAttributes>
</identifier>
</identifiers>
</Entity>