<?xml version = '1.0' encoding = 'UTF-8'?>
<Entity class="oracle.dbtools.crest.model.design.logical.Entity" directorySegmentName="seg_0" id="20CFC7D6-2E97-BA7F-907E-1126F29C8C29" name="T_CLIENTEv2">
<createdBy>labsfiap</createdBy>
<createdTime>2025-04-04 01:05:35 UTC</createdTime>
<ownerDesignName>Exercicios</ownerDesignName>
<engineerTo>
<item key="8A81108E-D0EA-D057-1E02-956B8578991C" value="true"/>
</engineerTo>
<adequatelyNormalized>NO</adequatelyNormalized>
<expectedVolumes>0</expectedVolumes>
<fwdEngineeringStrategyName>Single Table</fwdEngineeringStrategyName>
<growthPercent>0</growthPercent>
<growthType>Year</growthType>
<maxVolumes>9999999</maxVolumes>
<minVolumes>0</minVolumes>
<normalForm>Third</normalForm>
<attributes itemClass="oracle.dbtools.crest.model.design.logical.Attribute">
<Attribute name="NM_CLIENTE " id="DE0FFE4C-2FC1-C7E4-AC3D-AB59AA3AAEFA">
<createdBy>labsfiap</createdBy>
<createdTime>2025-04-04 01:05:53 UTC</createdTime>
<ownerDesignName>Exercicios</ownerDesignName>
<engineerTo>
<item key="8A81108E-D0EA-D057-1E02-956B8578991C" value="true"/>
</engineerTo>
<useDomainConstraints>false</useDomainConstraints>
<use>1</use>
<logicalDatatype>LOGDT019</logicalDatatype>
<dataTypePrecision>150</dataTypePrecision>
<ownDataTypeParameters>,150,</ownDataTypeParameters>
</Attribute>
</attributes>
<identifiers itemClass="oracle.dbtools.crest.model.design.logical.CandidateKey">
<identifier id="5A483523-B786-8170-2F90-2E2B26CD56E7" name="T_CLIENTEv2 PK">
<createdBy>labsfiap</createdBy>
<createdTime>2025-04-04 01:07:22 UTC</createdTime>
<ownerDesignName>Exercicios</ownerDesignName>
<engineerTo>
<item key="8A81108E-D0EA-D057-1E02-956B8578991C" value="true"/>
</engineerTo>
<pk>true</pk>
<usedAttributes>
<attributeRef>DE0FFE4C-2FC1-C7E4-AC3D-AB59AA3AAEFA</attributeRef>
</usedAttributes>
</identifier>
</identifiers>
</Entity>