<?xml version = '1.0' encoding = 'UTF-8'?>
<Entity class="oracle.dbtools.crest.model.design.logical.Entity" directorySegmentName="seg_0" id="27A41AFE-3FA4-D91A-727C-E64D1825008A" name="T_CONSULTA">
<createdBy>labsfiap</createdBy>
<createdTime>2025-04-04 01:32:13 UTC</createdTime>
<ownerDesignName>Exercicios</ownerDesignName>
<engineerTo>
<item key="8A81108E-D0EA-D057-1E02-956B8578991C" value="true"/>
</engineerTo>
<adequatelyNormalized>NO</adequatelyNormalized>
<expectedVolumes>0</expectedVolumes>
<fwdEngineeringStrategyName>Single Table</fwdEngineeringStrategyName>
<growthPercent>0</growthPercent>
<growthType>Year</growthType>
<maxVolumes>9999999</maxVolumes>
<minVolumes>0</minVolumes>
<normalForm>Third</normalForm>
<attributes itemClass="oracle.dbtools.crest.model.design.logical.Attribute">
<Attribute name="NM_MEDICO" id="C5C53C8A-2A76-5D5D-A281-BFBCEBBDF68E">
<createdBy>labsfiap</createdBy>
<createdTime>2025-04-04 01:42:21 UTC</createdTime>
<generatorID>3E482CB4-AADB-0A1B-8FB8-8D83F9D9E55D</generatorID>
<ownerDesignName>Exercicios</ownerDesignName>
<engineerTo>
<item key="8A81108E-D0EA-D057-1E02-956B8578991C" value="true"/>
</engineerTo>
<referedAttribute>C8EB175C-05F8-9D5A-4BC5-3DBD7D617567</referedAttribute>
<useDomainConstraints>false</useDomainConstraints>
<use>1</use>
<logicalDatatype>LOGDT019</logicalDatatype>
<ownDataTypeParameters>,,</ownDataTypeParameters>
</Attribute>
<Attribute name="nm_paciente" id="E4726F12-0879-EFEE-2E9B-1A8A82C1A729">
<createdBy>labsfiap</createdBy>
<createdTime>2025-04-04 01:42:26 UTC</createdTime>
<generatorID>FC21515E-E8D2-AE86-ED3F-12FFA7D146BA</generatorID>
<ownerDesignName>Exercicios</ownerDesignName>
<engineerTo>
<item key="8A81108E-D0EA-D057-1E02-956B8578991C" value="true"/>
</engineerTo>
<referedAttribute>577FCFA9-D0D2-BD42-C242-71C19DDB14AE</referedAttribute>
<useDomainConstraints>false</useDomainConstraints>
<use>1</use>
<logicalDatatype>LOGDT024</logicalDatatype>
<dataTypeSize>150</dataTypeSize>
<ownDataTypeParameters>,,</ownDataTypeParameters>
</Attribute>
</attributes>
<identifiers itemClass="oracle.dbtools.crest.model.design.logical.CandidateKey">
<identifier id="BAB58DF6-EAA7-6932-D287-3190D6C9B729" name="T_HOSPITAL PK">
<createdBy>labsfiap</createdBy>
<createdTime>2025-04-04 01:32:37 UTC</createdTime>
<ownerDesignName>Exercicios</ownerDesignName>
<engineerTo>
<item key="8A81108E-D0EA-D057-1E02-956B8578991C" value="true"/>
</engineerTo>
<pk>true</pk>
<usedAttributes>
<attributeRef>C5C53C8A-2A76-5D5D-A281-BFBCEBBDF68E</attributeRef>
<attributeRef>E4726F12-0879-EFEE-2E9B-1A8A82C1A729</attributeRef>
</usedAttributes>
</identifier>
</identifiers>
</Entity>