<?xml version = '1.0' encoding = 'UTF-8'?>
<Entity class="oracle.dbtools.crest.model.design.logical.Entity" directorySegmentName="seg_0" id="344F16CC-697B-F018-BD21-34566389F5A8" name="T_LIVROS">
<createdBy>labsfiap</createdBy>
<createdTime>2025-04-04 01:11:59 UTC</createdTime>
<ownerDesignName>Exercicios</ownerDesignName>
<engineerTo>
<item key="8A81108E-D0EA-D057-1E02-956B8578991C" value="true"/>
</engineerTo>
<adequatelyNormalized>NO</adequatelyNormalized>
<expectedVolumes>0</expectedVolumes>
<fwdEngineeringStrategyName>Single Table</fwdEngineeringStrategyName>
<growthPercent>0</growthPercent>
<growthType>Year</growthType>
<maxVolumes>9999999</maxVolumes>
<minVolumes>0</minVolumes>
<normalForm>Third</normalForm>
<attributes itemClass="oracle.dbtools.crest.model.design.logical.Attribute">
<Attribute name="NM_LIVRO" id="91E0FB8B-205F-D18F-1CA6-704F6C3F15BA">
<createdBy>labsfiap</createdBy>
<createdTime>2025-04-04 01:12:19 UTC</createdTime>
<ownerDesignName>Exercicios</ownerDesignName>
<engineerTo>
<item key="8A81108E-D0EA-D057-1E02-956B8578991C" value="true"/>
</engineerTo>
<useDomainConstraints>false</useDomainConstraints>
<use>1</use>
<logicalDatatype>LOGDT024</logicalDatatype>
<dataTypeSize>150</dataTypeSize>
<ownDataTypeParameters>150,,</ownDataTypeParameters>
</Attribute>
</attributes>
<identifiers itemClass="oracle.dbtools.crest.model.design.logical.CandidateKey">
<identifier id="C8EABC59-9A23-A647-D53F-00BB2C036BFA" name="T_LIVROS PK">
<createdBy>labsfiap</createdBy>
<createdTime>2025-04-04 01:12:33 UTC</createdTime>
<ownerDesignName>Exercicios</ownerDesignName>
<engineerTo>
<item key="8A81108E-D0EA-D057-1E02-956B8578991C" value="true"/>
</engineerTo>
<pk>true</pk>
<usedAttributes>
<attributeRef>91E0FB8B-205F-D18F-1CA6-704F6C3F15BA</attributeRef>
</usedAttributes>
</identifier>
</identifiers>
</Entity>