<?xml version = '1.0' encoding = 'UTF-8'?>
<Entity class="oracle.dbtools.crest.model.design.logical.Entity" directorySegmentName="seg_0" id="74018ABA-9619-70CB-05F3-69836D7FFA23" name="T_PEDIDO">
<createdBy>labsfiap</createdBy>
<createdTime>2025-04-04 01:05:02 UTC</createdTime>
<ownerDesignName>Exercicios</ownerDesignName>
<engineerTo>
<item key="8A81108E-D0EA-D057-1E02-956B8578991C" value="true"/>
</engineerTo>
<adequatelyNormalized>NO</adequatelyNormalized>
<expectedVolumes>0</expectedVolumes>
<fwdEngineeringStrategyName>Single Table</fwdEngineeringStrategyName>
<growthPercent>0</growthPercent>
<growthType>Year</growthType>
<maxVolumes>9999999</maxVolumes>
<minVolumes>0</minVolumes>
<normalForm>Third</normalForm>
<attributes itemClass="oracle.dbtools.crest.model.design.logical.Attribute">
<Attribute name="ID_PEDIDO" id="9B2E75C1-F35F-5FE5-E9C0-5C4FD2A78AAF">
<createdBy>labsfiap</createdBy>
<createdTime>2025-04-04 01:05:19 UTC</createdTime>
<ownerDesignName>Exercicios</ownerDesignName>
<engineerTo>
<item key="8A81108E-D0EA-D057-1E02-956B8578991C" value="true"/>
</engineerTo>
<useDomainConstraints>false</useDomainConstraints>
<use>1</use>
<logicalDatatype>LOGDT019</logicalDatatype>
<ownDataTypeParameters>,,</ownDataTypeParameters>
</Attribute>
<Attribute name="NM_CLIENTE " id="5C73C3F0-4497-9102-941F-DBDE621555BE">
<createdBy>labsfiap</createdBy>
<createdTime>2025-04-04 01:07:25 UTC</createdTime>
<generatorID>5768EBC8-3045-331D-1D72-B027A27EF15B</generatorID>
<ownerDesignName>Exercicios</ownerDesignName>
<engineerTo>
<item key="8A81108E-D0EA-D057-1E02-956B8578991C" value="true"/>
</engineerTo>
<referedAttribute>DE0FFE4C-2FC1-C7E4-AC3D-AB59AA3AAEFA</referedAttribute>
<useDomainConstraints>false</useDomainConstraints>
<use>1</use>
<logicalDatatype>LOGDT019</logicalDatatype>
<dataTypePrecision>150</dataTypePrecision>
<ownDataTypeParameters>,,</ownDataTypeParameters>
</Attribute>
</attributes>
<identifiers itemClass="oracle.dbtools.crest.model.design.logical.CandidateKey">
<identifier id="D19075F3-F490-7E28-3FD9-A84F67BB5D44" name="T_PEDIDO PK">
<createdBy>labsfiap</createdBy>
<createdTime>2025-04-04 01:05:29 UTC</createdTime>
<ownerDesignName>Exercicios</ownerDesignName>
<engineerTo>
<item key="8A81108E-D0EA-D057-1E02-956B8578991C" value="true"/>
</engineerTo>
<pk>true</pk>
<usedAttributes>
<attributeRef>9B2E75C1-F35F-5FE5-E9C0-5C4FD2A78AAF</attributeRef>
<attributeRef>5C73C3F0-4497-9102-941F-DBDE621555BE</attributeRef>
</usedAttributes>
</identifier>
</identifiers>
</Entity>