<?xml version = '1.0' encoding = 'UTF-8'?>
<Entity class="oracle.dbtools.crest.model.design.logical.Entity" directorySegmentName="seg_0" id="8EC332EF-5171-D7E1-33DC-7BB1DE36C783" name="T_AUTOR_LIVRO">
<createdBy>labsfiap</createdBy>
<createdTime>2025-04-04 01:34:29 UTC</createdTime>
<ownerDesignName>Exercicios</ownerDesignName>
<engineerTo>
<item key="8A81108E-D0EA-D057-1E02-956B8578991C" value="true"/>
</engineerTo>
<adequatelyNormalized>NO</adequatelyNormalized>
<expectedVolumes>0</expectedVolumes>
<fwdEngineeringStrategyName>Single Table</fwdEngineeringStrategyName>
<growthPercent>0</growthPercent>
<growthType>Year</growthType>
<maxVolumes>9999999</maxVolumes>
<minVolumes>0</minVolumes>
<normalForm>Third</normalForm>
<attributes itemClass="oracle.dbtools.crest.model.design.logical.Attribute">
<Attribute name="NM_LIVRO" id="096516F3-AA6A-CFBE-46AD-5497939F3C66">
<createdBy>labsfiap</createdBy>
<createdTime>2025-04-04 01:41:17 UTC</createdTime>
<generatorID>FA40C03C-AFA9-31B8-6326-3155ABC06956</generatorID>
<ownerDesignName>Exercicios</ownerDesignName>
<engineerTo>
<item key="8A81108E-D0EA-D057-1E02-956B8578991C" value="true"/>
</engineerTo>
<referedAttribute>91E0FB8B-205F-D18F-1CA6-704F6C3F15BA</referedAttribute>
<useDomainConstraints>false</useDomainConstraints>
<use>1</use>
<logicalDatatype>LOGDT024</logicalDatatype>
<dataTypeSize>150</dataTypeSize>
<ownDataTypeParameters>,,</ownDataTypeParameters>
</Attribute>
<Attribute name="NM_AUTOR" id="ACD7A0DB-183C-6ADC-1D70-0483A17FB8D2">
<createdBy>labsfiap</createdBy>
<createdTime>2025-04-04 01:41:27 UTC</createdTime>
<generatorID>B2B4FAA8-4F24-1C1C-E096-27F15E2D1039</generatorID>
<ownerDesignName>Exercicios</ownerDesignName>
<engineerTo>
<item key="8A81108E-D0EA-D057-1E02-956B8578991C" value="true"/>
</engineerTo>
<referedAttribute>A0823340-3F13-A5B2-8FE7-C66D9E70D2C6</referedAttribute>
<useDomainConstraints>false</useDomainConstraints>
<use>1</use>
<logicalDatatype>LOGDT024</logicalDatatype>
<dataTypeSize>150</dataTypeSize>
<ownDataTypeParameters>,,</ownDataTypeParameters>
</Attribute>
</attributes>
<identifiers itemClass="oracle.dbtools.crest.model.design.logical.CandidateKey">
<identifier id="C73CF1D6-7E93-C5F1-481B-9CB2F271FB8C" name="T_EDITORA PK">
<createdBy>labsfiap</createdBy>
<createdTime>2025-04-04 01:35:58 UTC</createdTime>
<ownerDesignName>Exercicios</ownerDesignName>
<engineerTo>
<item key="8A81108E-D0EA-D057-1E02-956B8578991C" value="true"/>
</engineerTo>
<pk>true</pk>
<usedAttributes>
<attributeRef>096516F3-AA6A-CFBE-46AD-5497939F3C66</attributeRef>
<attributeRef>ACD7A0DB-183C-6ADC-1D70-0483A17FB8D2</attributeRef>
</usedAttributes>
</identifier>
</identifiers>
</Entity>