<?xml version = '1.0' encoding = 'UTF-8'?>
<Entity class="oracle.dbtools.crest.model.design.logical.Entity" directorySegmentName="seg_0" id="B2A40AA0-9320-6639-4DDF-23B18A946079" name="T_FUNCIONARIOv2">
<createdBy>labsfiap</createdBy>
<createdTime>2025-04-04 01:15:03 UTC</createdTime>
<ownerDesignName>Exercicios</ownerDesignName>
<engineerTo>
<item key="8A81108E-D0EA-D057-1E02-956B8578991C" value="true"/>
</engineerTo>
<adequatelyNormalized>NO</adequatelyNormalized>
<expectedVolumes>0</expectedVolumes>
<fwdEngineeringStrategyName>Single Table</fwdEngineeringStrategyName>
<growthPercent>0</growthPercent>
<growthType>Year</growthType>
<maxVolumes>9999999</maxVolumes>
<minVolumes>0</minVolumes>
<normalForm>Third</normalForm>
<attributes itemClass="oracle.dbtools.crest.model.design.logical.Attribute">
<Attribute name="NM_FUNCIONARIO" id="974D9F08-D15B-60B7-0498-A7CEE0A2F6D6">
<createdBy>labsfiap</createdBy>
<createdTime>2025-04-04 01:15:23 UTC</createdTime>
<ownerDesignName>Exercicios</ownerDesignName>
<engineerTo>
<item key="8A81108E-D0EA-D057-1E02-956B8578991C" value="true"/>
</engineerTo>
<useDomainConstraints>false</useDomainConstraints>
<use>1</use>
<logicalDatatype>LOGDT024</logicalDatatype>
<ownDataTypeParameters>,,</ownDataTypeParameters>
</Attribute>
<Attribute name="CD_LOGIN" id="602E1B18-418A-6DE1-1F3C-EEECE39211F0">
<createdBy>labsfiap</createdBy>
<createdTime>2025-04-04 01:16:04 UTC</createdTime>
<generatorID>D0A57782-BE73-C9FD-6809-D21231C1A9AB</generatorID>
<ownerDesignName>Exercicios</ownerDesignName>
<engineerTo>
<item key="8A81108E-D0EA-D057-1E02-956B8578991C" value="true"/>
</engineerTo>
<referedAttribute>3AB9E3FD-36DA-937E-DD8B-F52E19F3B8C3</referedAttribute>
<useDomainConstraints>false</useDomainConstraints>
<use>1</use>
<logicalDatatype>LOGDT024</logicalDatatype>
<dataTypeSize>10</dataTypeSize>
<ownDataTypeParameters>,,</ownDataTypeParameters>
</Attribute>
</attributes>
<identifiers itemClass="oracle.dbtools.crest.model.design.logical.CandidateKey">
<identifier id="155068D2-1EE0-2353-4194-C60874B635CB" name="T_FUNCIONARIOv2 PK">
<createdBy>labsfiap</createdBy>
<createdTime>2025-04-04 01:15:51 UTC</createdTime>
<ownerDesignName>Exercicios</ownerDesignName>
<engineerTo>
<item key="8A81108E-D0EA-D057-1E02-956B8578991C" value="true"/>
</engineerTo>
<pk>true</pk>
<usedAttributes>
<attributeRef>974D9F08-D15B-60B7-0498-A7CEE0A2F6D6</attributeRef>
</usedAttributes>
</identifier>
</identifiers>
</Entity>