<?xml version = '1.0' encoding = 'UTF-8'?>
<Entity class="oracle.dbtools.crest.model.design.logical.Entity" directorySegmentName="seg_0" id="C6A76562-CDB7-1C6A-B214-34507508E39D" name="T_CLIENTE">
<createdBy>labsfiap</createdBy>
<createdTime>2025-04-04 01:01:12 UTC</createdTime>
<ownerDesignName>Exercicios</ownerDesignName>
<engineerTo>
<item key="8A81108E-D0EA-D057-1E02-956B8578991C" value="true"/>
</engineerTo>
<adequatelyNormalized>NO</adequatelyNormalized>
<expectedVolumes>0</expectedVolumes>
<fwdEngineeringStrategyName>Single Table</fwdEngineeringStrategyName>
<growthPercent>0</growthPercent>
<growthType>Year</growthType>
<maxVolumes>9999999</maxVolumes>
<minVolumes>0</minVolumes>
<normalForm>Third</normalForm>
<attributes itemClass="oracle.dbtools.crest.model.design.logical.Attribute">
<Attribute name="NM_CLIENTE" id="5031D29D-2DA9-8CEB-8BA0-20153D90AFBC">
<createdBy>labsfiap</createdBy>
<createdTime>2025-04-04 01:01:20 UTC</createdTime>
<ownerDesignName>Exercicios</ownerDesignName>
<engineerTo>
<item key="8A81108E-D0EA-D057-1E02-956B8578991C" value="true"/>
</engineerTo>
<useDomainConstraints>false</useDomainConstraints>
<use>1</use>
<logicalDatatype>LOGDT024</logicalDatatype>
<dataTypeSize>150</dataTypeSize>
<ownDataTypeParameters>150,,</ownDataTypeParameters>
</Attribute>
<Attribute name="ID_PEDIDO" id="5EB79913-16DD-A7A6-8ABB-8E89E706A2B9">
<createdBy>labsfiap</createdBy>
<createdTime>2025-04-04 01:02:08 UTC</createdTime>
<generatorID>F87E3A97-52CC-0B70-A8AF-F08739235507</generatorID>
<ownerDesignName>Exercicios</ownerDesignName>
<engineerTo>
<item key="8A81108E-D0EA-D057-1E02-956B8578991C" value="true"/>
</engineerTo>
<referedAttribute>68F4B7DC-FEFE-A7B7-47D8-B1C7581FB697</referedAttribute>
<useDomainConstraints>false</useDomainConstraints>
<use>1</use>
<logicalDatatype>LOGDT019</logicalDatatype>
<ownDataTypeParameters>,,</ownDataTypeParameters>
</Attribute>
</attributes>
<identifiers itemClass="oracle.dbtools.crest.model.design.logical.CandidateKey">
<identifier id="162CD612-FAB4-2FBF-9892-697EF1ECFAA7" name="T_CLIENTE PK">
<createdBy>labsfiap</createdBy>
<createdTime>2025-04-04 01:01:33 UTC</createdTime>
<ownerDesignName>Exercicios</ownerDesignName>
<engineerTo>
<item key="8A81108E-D0EA-D057-1E02-956B8578991C" value="true"/>
</engineerTo>
<pk>true</pk>
<usedAttributes>
<attributeRef>5031D29D-2DA9-8CEB-8BA0-20153D90AFBC</attributeRef>
</usedAttributes>
</identifier>
</identifiers>
</Entity>