<?xml version = '1.0' encoding = 'UTF-8'?>
<relationalModel class="oracle.dbtools.crest.model.design.relational.RelationalDesign" name="Relational_1" id="8A81108E-D0EA-D057-1E02-956B8578991C" mainViewID="9F4830DC-3E71-5A51-7594-BA674BD0BF7A">
<createdBy>labsfiap</createdBy>
<createdTime>2025-04-04 00:53:16 UTC</createdTime>
<ownerDesignName>Exercicios</ownerDesignName>
<shouldBeOpen>false</shouldBeOpen>
<selectedRDBMSSite>32076570-2523-435C-2E92-BF29817DFF70</selectedRDBMSSite>
</relationalModel>